Наименование;Описание;Адрес
Запчасти у Насти;Новые и б/у запчасти для авто и грузовиков;Центральный район, Тула, 300045;Новомосковское шоссе, 60;tel:+79207827206;WhatsApp
Emex, интернет-магазин;Федеральная сеть по продаже автозапчастей. Вовремя и по оптовым ценам — реклама;Центральный район, Тула, 300045;Рязанская, 54;tel:+79066220602;emex.ru
OSZZ;85% всех автозапчастей для японских авто в наличии — реклама;Центральный район, Тула, 300045;Кауля, 10;tel:+74872522513;oszz.ru
A & Z;Защита кузова от разрушения. Работаем без выходных — реклама;Привокзальный район, Тула, 300026;Калужское шоссе, 20;tel:+79997841717;ВКонтакте
Автопрофи, центр технического обслуживания;Автозапчасти для иномарок. В наличии и под заказ. Гарантия, возврат — реклама;Красный перекоп, Центральный район, Тула, 300012;Кауля, 45 к1;tel:+79605989808;автопрофи.рус
Волга, магазин автотоваров;Масла и автохимия: большой выбор по суперценам — реклама;Мясново пос., Привокзальный район, Тула, 300005;Павшинский мост, 3а;tel:+74872214031;
Приват;1000 запчастей для Рено и Ларгуса уже на складе! Приезжай и забирай — реклама;Центральный район, Тула, 300026;проспект Ленина, 105;tel:+74872657317;
Автомобильный супермаркет;Масла, технические жидкости, автохимия, автоэмали, грунты — реклама;Куруловка, Зареченский район, Тула, 300022;Октябрьская, 296а;tel:+74872750391;
""
АвтоГАЗ;Газель, УАЗ, Волга, Газон, Валдай, Cummins. Новые и б/у запчасти — реклама;Центральный район, Тула, 300045;Новомосковское шоссе, 19;tel:+79109438191;
Заботливый сервис;Федеральная сеть автосервисов с гарантией 2 года на запасные части — реклама;Зареченский район, Тула, 300044;Луначарского, 134;tel:+79308982720;caring-service.com
Гараж;Диагностика двигателя, ходовой, КПП. Шиномонтаж. 3D-сход-развал! — реклама;Центральный район, Тула, 300045;Кауля, 82;tel:+79202705005;WhatsApp
""
АвтоМаг;Сезонные летние скидки на покраску и кузовной ремонт! — реклама;Центральный район, Тула, 300045;проезд Некрасова, 6;tel:+79038434600;WhatsApp
Гарант-Авто71;Диагностика, ремонт КПП от 1 дня. Удаление катализаторов бесплатно — реклама;Центральный район, Тула, 300045;Новомосковское шоссе, 54;tel:+74872790124;ВКонтакте
Транзит;Мелкий и капремонт, автомойка, шиномонтаж. Внимание каждому элементу! — реклама;Киреевский район, Тульская область;трасса М-4 225 км, 1 ст2;tel:+79509065324;
Авточемпион;Автозапчасти для ВАЗ, ГАЗ и иномарок, автомасла, автоаксессуары, химия — реклама;Верхнее Криволучье, Пролетарский район, Тула, 300021;Кутузова, 48;tel:+74872462452;
""
РВД-Сервис;Рукава напорные маслобензостойкие. Производство России и Европы;Центральный район, Тула, 300041;Пионерская, 65;tel:+74872584038;rvd-servis.ru
""
Техком+;;Пролетарский район, Тула, 300001;Карла Маркса, 54а;tel:+74872408040;tehkom-avto.ru
Респект авто;;Горелки пос., Зареченский район, Тула, 300901;Большая, 1а;tel:+74872755755;respectavto.com
AvtoAll;;Рогожинский пос., Центральный район, Тула, 300012;Станиславского, 37а;tel:+74872245605;WhatsApp
Респект авто;;Центральный район, Тула, 300026;Николая Руднева, 46;tel:+74872755755;respectavto.com
Респект авто;;Пролетарский район, Тула, 300004;Кутузова, 36;tel:+74872755755;respectavto.com
Респект авто;;Советский район, Тула, 300034;Дмитрия Ульянова, 3;tel:+74872755755;respectavto.com
""
Все четыре колеса;;Центральный район, Тула, 300012;Рязанская, 50а;tel:+74872710707;
Респект авто;;Мясново пос., Привокзальный район, Тула, 300005;Ликбеза, 9;tel:+74872755755;respectavto.com
Тойота Центр Тула, салон;;Куруловка, Зареченский район, Тула, 300022;Октябрьская, 300;tel:+74872515342;Одноклассники
Пекин motors;;Платоновский Лес, Привокзальный район, Тула, 300026;Генерала Маргелова, 5а;tel:+79207781611;WhatsApp
Exist.ru;;Рогожинский пос., Центральный район, Тула, 300012;Станиславского, 35;tel:+79311056055;exist.ru
Техком+;;Зареченский район, Тула, 300062;Октябрьская, 82а;tel:+74872393001;tehkom-avto.ru
АвтоДуглас;;Пролетарский район, Тула, 300004;Рихарда Зорге, 18;tel:+79606011501;avtoduglas.ru
ŠKODA Автоимпорт;Весь модельный ряд ŠKODA — реклама;Горелки пос., Зареченский район, Тула, 300901;Октябрьская, 320;tel:+74872515821;ВКонтакте
Техком+;;Мясново пос., Привокзальный район, Тула, 300005;Павшинский мост, 3;tel:+74872250203;tehkom-avto.ru
Тулакузов.ру;;Советский район, Тула, 300041;Мосина, 17;tel:+79606005145;WhatsApp
Техком+;;Центральный район, Тула, 300026;Скуратовская, 124;tel:+74872231529;tehkom-avto.ru
Кореана;;Центральный район, Тула, 300026;Рязанская, 3и;tel:+74951977719;кореана.рф
АвтоДуглас;;Пролетарский район, Тула, 300040;Ложевая, 134а;tel:+74872700201;avtoduglas.ru
ФранцАВТО;;Горелки пос., Зареченский район, Тула, 300901;Октябрьская, 314г;tel:+74872710717;avtobonus.ru
""
Amzito.ru;;Зареченский район, Тула, 300002;Октябрьская, 44;tel:+79038404041;amzito.ru
Автокласс;;Центральный район, Тула, 300045;Новомосковское шоссе, 25;tel:+74872700303;ВКонтакте
71zap.ru;;Пролетарский район, Тула, 300001;Демидовская Плотина, 14Б;tel:+74872704100;
Движение;;Центральный район, Тула, 300041;Макса Смирнова, 2;tel:+74872710888;
Exist.ru;;Пролетарский район, Тула, 300001;ТЦ Пролетарский;tel:+79311056055;exist.ru
Мик, автотехцентр;;Зареченский район, Тула, 300044;Курковая, 32;tel:+74872492521;auto-mik.ru
Лада корсгрупп Тула;Автомобили LADA с выгодой до 300 000 рублей!;Центральный район, Тула, 300012;Рязанская, 7;tel:+74872337151;YouTube
ТулаШина;;Рогожинский пос., Центральный район, Тула, 300012;Станиславского, 35;tel:+74872350345;WhatsApp
Концепт Авто;;Центральный район, Тула, 300012;Рязанская, 28Б;tel:+74872570555;
dromex;;Центральный район, Тула, 300041;Староникитская, 52;tel:+74872790911;WhatsApp
Автокласс СП, Автотехцентр;;Центральный район, Тула, 300045;Новомосковское шоссе, 15;tel:+74872502030;Twitter
Лада-Автокласс;;Горелки пос., Зареченский район, Тула, 300901;Московское шоссе, 2н;tel:+74872381212;ВКонтакте
Армтек;;Верхнее Криволучье, Пролетарский район, Тула, 300031;Металлургов, 86в;tel:+79622749706;YouTube
""
Autodoc.ru;;Пролетарский район, Тула, 300001;Кирова, 25;tel:+74872700440;autodoc.ru
Autodoc.ru;;Центральный район, Тула, 300012;Городской переулок, 15Б;tel:+74872700440;autodoc.ru
Нива-Трофи;;Пролетарский район, Тула, 300001;Карла Маркса, 45а;tel:+74872428090;niva-trofi.ru
SolidCar;Победитель премии «Лучшая мини-СТО 2021 года»*. Фиксированные цены;Привокзальный район, Тула, 300028;Болдина, 98а;tel:+74872529946;ВКонтакте
Запчасти у Насти;Новые и б/у запчасти для авто и грузовиков;Центральный район, Тула, 300045;Новомосковское шоссе, 60;tel:+79207827206;WhatsApp
Emex, интернет-магазин;Федеральная сеть по продаже автозапчастей. Вовремя и по оптовым ценам — реклама;Центральный район, Тула, 300045;Рязанская, 54;tel:+79066220602;emex.ru
OSZZ;85% всех автозапчастей для японских авто в наличии — реклама;Центральный район, Тула, 300045;Кауля, 10;tel:+74872522513;oszz.ru
A & Z;Защита кузова от разрушения. Работаем без выходных — реклама;Привокзальный район, Тула, 300026;Калужское шоссе, 20;tel:+79997841717;ВКонтакте
Автопрофи, центр технического обслуживания;Автозапчасти для иномарок. В наличии и под заказ. Гарантия, возврат — реклама;Красный перекоп, Центральный район, Тула, 300012;Кауля, 45 к1;tel:+79605989808;автопрофи.рус
Волга, магазин автотоваров;Масла и автохимия: большой выбор по суперценам — реклама;Мясново пос., Привокзальный район, Тула, 300005;Павшинский мост, 3а;tel:+74872214031;
Приват;1000 запчастей для Рено и Ларгуса уже на складе! Приезжай и забирай — реклама;Центральный район, Тула, 300026;проспект Ленина, 105;tel:+74872657317;
Автомобильный супермаркет;Масла, технические жидкости, автохимия, автоэмали, грунты — реклама;Куруловка, Зареченский район, Тула, 300022;Октябрьская, 296а;tel:+74872750391;
Тяжеловоз 2001;Детали для грузовых авто. Двигатель, подвеска, тормоза, кузов. Заказ — реклама;Мясново пос., Привокзальный район, Тула, 300005;Павшинский мост, 2;tel:+74872384585;
""
Заботливый сервис;Федеральная сеть автосервисов с гарантией 2 года на запасные части — реклама;Зареченский район, Тула, 300044;Луначарского, 134;tel:+79308982720;caring-service.com
Гараж;Диагностика двигателя, ходовой, КПП. Шиномонтаж. 3D-сход-развал! — реклама;Центральный район, Тула, 300045;Кауля, 82;tel:+79202705005;WhatsApp
Запчасти у Насти;Новые и б/у запчасти для авто и грузовиков;Центральный район, Тула, 300045;Новомосковское шоссе, 60;tel:+79207827206;WhatsApp
""
OSZZ;85% всех автозапчастей для японских авто в наличии — реклама;Центральный район, Тула, 300045;Кауля, 10;tel:+74872522513;oszz.ru
A & Z;Защита кузова от разрушения. Работаем без выходных — реклама;Привокзальный район, Тула, 300026;Калужское шоссе, 20;tel:+79997841717;ВКонтакте
Автопрофи, центр технического обслуживания;Автозапчасти для иномарок. В наличии и под заказ. Гарантия, возврат — реклама;Красный перекоп, Центральный район, Тула, 300012;Кауля, 45 к1;tel:+79605989808;автопрофи.рус
Волга, магазин автотоваров;Масла и автохимия: большой выбор по суперценам — реклама;Мясново пос., Привокзальный район, Тула, 300005;Павшинский мост, 3а;tel:+74872214031;
Приват;1000 запчастей для Рено и Ларгуса уже на складе! Приезжай и забирай — реклама;Центральный район, Тула, 300026;проспект Ленина, 105;tel:+74872657317;
Автомобильный супермаркет;Масла, технические жидкости, автохимия, автоэмали, грунты — реклама;Куруловка, Зареченский район, Тула, 300022;Октябрьская, 296а;tel:+74872750391;
Тяжеловоз 2001;Детали для грузовых авто. Двигатель, подвеска, тормоза, кузов. Заказ — реклама;Мясново пос., Привокзальный район, Тула, 300005;Павшинский мост, 2;tel:+74872384585;
АвтоГАЗ;Газель, УАЗ, Волга, Газон, Валдай, Cummins. Новые и б/у запчасти — реклама;Центральный район, Тула, 300045;Новомосковское шоссе, 19;tel:+79109438191;
Заботливый сервис;Федеральная сеть автосервисов с гарантией 2 года на запасные части — реклама;Зареченский район, Тула, 300044;Луначарского, 134;tel:+79308982720;caring-service.com
Гараж;Диагностика двигателя, ходовой, КПП. Шиномонтаж. 3D-сход-развал! — реклама;Центральный район, Тула, 300045;Кауля, 82;tel:+79202705005;WhatsApp
Запчасти у Насти;Новые и б/у запчасти для авто и грузовиков;Центральный район, Тула, 300045;Новомосковское шоссе, 60;tel:+79207827206;WhatsApp
Emex, интернет-магазин;Федеральная сеть по продаже автозапчастей. Вовремя и по оптовым ценам — реклама;Центральный район, Тула, 300045;Рязанская, 54;tel:+79066220602;emex.ru
OSZZ;85% всех автозапчастей для японских авто в наличии — реклама;Центральный район, Тула, 300045;Кауля, 10;tel:+74872522513;oszz.ru
A & Z;Защита кузова от разрушения. Работаем без выходных — реклама;Привокзальный район, Тула, 300026;Калужское шоссе, 20;tel:+79997841717;ВКонтакте
Автопрофи, центр технического обслуживания;Автозапчасти для иномарок. В наличии и под заказ. Гарантия, возврат — реклама;Красный перекоп, Центральный район, Тула, 300012;Кауля, 45 к1;tel:+79605989808;автопрофи.рус
Волга, магазин автотоваров;Масла и автохимия: большой выбор по суперценам — реклама;Мясново пос., Привокзальный район, Тула, 300005;Павшинский мост, 3а;tel:+74872214031;
Приват;1000 запчастей для Рено и Ларгуса уже на складе! Приезжай и забирай — реклама;Центральный район, Тула, 300026;проспект Ленина, 105;tel:+74872657317;
Автомобильный супермаркет;Масла, технические жидкости, автохимия, автоэмали, грунты — реклама;Куруловка, Зареченский район, Тула, 300022;Октябрьская, 296а;tel:+74872750391;
Тяжеловоз 2001;Детали для грузовых авто. Двигатель, подвеска, тормоза, кузов. Заказ — реклама;Мясново пос., Привокзальный район, Тула, 300005;Павшинский мост, 2;tel:+74872384585;
АвтоГАЗ;Газель, УАЗ, Волга, Газон, Валдай, Cummins. Новые и б/у запчасти — реклама;Центральный район, Тула, 300045;Новомосковское шоссе, 19;tel:+79109438191;
Заботливый сервис;Федеральная сеть автосервисов с гарантией 2 года на запасные части — реклама;Зареченский район, Тула, 300044;Луначарского, 134;tel:+79308982720;caring-service.com
""
Запчасти у Насти;Новые и б/у запчасти для авто и грузовиков;Центральный район, Тула, 300045;Новомосковское шоссе, 60;tel:+79207827206;WhatsApp
Emex, интернет-магазин;Федеральная сеть по продаже автозапчастей. Вовремя и по оптовым ценам — реклама;Центральный район, Тула, 300045;Рязанская, 54;tel:+79066220602;emex.ru
OSZZ;85% всех автозапчастей для японских авто в наличии — реклама;Центральный район, Тула, 300045;Кауля, 10;tel:+74872522513;oszz.ru
A & Z;Защита кузова от разрушения. Работаем без выходных — реклама;Привокзальный район, Тула, 300026;Калужское шоссе, 20;tel:+79997841717;ВКонтакте
Автопрофи, центр технического обслуживания;Автозапчасти для иномарок. В наличии и под заказ. Гарантия, возврат — реклама;Красный перекоп, Центральный район, Тула, 300012;Кауля, 45 к1;tel:+79605989808;автопрофи.рус
Волга, магазин автотоваров;Масла и автохимия: большой выбор по суперценам — реклама;Мясново пос., Привокзальный район, Тула, 300005;Павшинский мост, 3а;tel:+74872214031;
Приват;1000 запчастей для Рено и Ларгуса уже на складе! Приезжай и забирай — реклама;Центральный район, Тула, 300026;проспект Ленина, 105;tel:+74872657317;
Автомобильный супермаркет;Масла, технические жидкости, автохимия, автоэмали, грунты — реклама;Куруловка, Зареченский район, Тула, 300022;Октябрьская, 296а;tel:+74872750391;
""
АвтоГАЗ;Газель, УАЗ, Волга, Газон, Валдай, Cummins. Новые и б/у запчасти — реклама;Центральный район, Тула, 300045;Новомосковское шоссе, 19;tel:+79109438191;
Заботливый сервис;Федеральная сеть автосервисов с гарантией 2 года на запасные части — реклама;Зареченский район, Тула, 300044;Луначарского, 134;tel:+79308982720;caring-service.com
Гараж;Диагностика двигателя, ходовой, КПП. Шиномонтаж. 3D-сход-развал! — реклама;Центральный район, Тула, 300045;Кауля, 82;tel:+79202705005;WhatsApp
""
Emex, интернет-магазин;Федеральная сеть по продаже автозапчастей. Вовремя и по оптовым ценам — реклама;Центральный район, Тула, 300045;Рязанская, 54;tel:+79066220602;emex.ru
OSZZ;85% всех автозапчастей для японских авто в наличии — реклама;Центральный район, Тула, 300045;Кауля, 10;tel:+74872522513;oszz.ru
A & Z;Защита кузова от разрушения. Работаем без выходных — реклама;Привокзальный район, Тула, 300026;Калужское шоссе, 20;tel:+79997841717;ВКонтакте
Автопрофи, центр технического обслуживания;Автозапчасти для иномарок. В наличии и под заказ. Гарантия, возврат — реклама;Красный перекоп, Центральный район, Тула, 300012;Кауля, 45 к1;tel:+79605989808;автопрофи.рус
Волга, магазин автотоваров;Масла и автохимия: большой выбор по суперценам — реклама;Мясново пос., Привокзальный район, Тула, 300005;Павшинский мост, 3а;tel:+74872214031;
Приват;1000 запчастей для Рено и Ларгуса уже на складе! Приезжай и забирай — реклама;Центральный район, Тула, 300026;проспект Ленина, 105;tel:+74872657317;
Автомобильный супермаркет;Масла, технические жидкости, автохимия, автоэмали, грунты — реклама;Куруловка, Зареченский район, Тула, 300022;Октябрьская, 296а;tel:+74872750391;
Тяжеловоз 2001;Детали для грузовых авто. Двигатель, подвеска, тормоза, кузов. Заказ — реклама;Мясново пос., Привокзальный район, Тула, 300005;Павшинский мост, 2;tel:+74872384585;
АвтоГАЗ;Газель, УАЗ, Волга, Газон, Валдай, Cummins. Новые и б/у запчасти — реклама;Центральный район, Тула, 300045;Новомосковское шоссе, 19;tel:+79109438191;
Заботливый сервис;Федеральная сеть автосервисов с гарантией 2 года на запасные части — реклама;Зареченский район, Тула, 300044;Луначарского, 134;tel:+79308982720;caring-service.com
Гараж;Диагностика двигателя, ходовой, КПП. Шиномонтаж. 3D-сход-развал! — реклама;Центральный район, Тула, 300045;Кауля, 82;tel:+79202705005;WhatsApp
Запчасти у Насти;Новые и б/у запчасти для авто и грузовиков;Центральный район, Тула, 300045;Новомосковское шоссе, 60;tel:+79207827206;WhatsApp
Emex, интернет-магазин;Федеральная сеть по продаже автозапчастей. Вовремя и по оптовым ценам — реклама;Центральный район, Тула, 300045;Рязанская, 54;tel:+79066220602;emex.ru
""
A & Z;Защита кузова от разрушения. Работаем без выходных — реклама;Привокзальный район, Тула, 300026;Калужское шоссе, 20;tel:+79997841717;ВКонтакте
Автопрофи, центр технического обслуживания;Автозапчасти для иномарок. В наличии и под заказ. Гарантия, возврат — реклама;Красный перекоп, Центральный район, Тула, 300012;Кауля, 45 к1;tel:+79605989808;автопрофи.рус
Волга, магазин автотоваров;Масла и автохимия: большой выбор по суперценам — реклама;Мясново пос., Привокзальный район, Тула, 300005;Павшинский мост, 3а;tel:+74872214031;
Приват;1000 запчастей для Рено и Ларгуса уже на складе! Приезжай и забирай — реклама;Центральный район, Тула, 300026;проспект Ленина, 105;tel:+74872657317;
Автомобильный супермаркет;Масла, технические жидкости, автохимия, автоэмали, грунты — реклама;Куруловка, Зареченский район, Тула, 300022;Октябрьская, 296а;tel:+74872750391;
""
АвтоГАЗ;Газель, УАЗ, Волга, Газон, Валдай, Cummins. Новые и б/у запчасти — реклама;Центральный район, Тула, 300045;Новомосковское шоссе, 19;tel:+79109438191;
Заботливый сервис;Федеральная сеть автосервисов с гарантией 2 года на запасные части — реклама;Зареченский район, Тула, 300044;Луначарского, 134;tel:+79308982720;caring-service.com
Гараж;Диагностика двигателя, ходовой, КПП. Шиномонтаж. 3D-сход-развал! — реклама;Центральный район, Тула, 300045;Кауля, 82;tel:+79202705005;WhatsApp
Запчасти у Насти;Новые и б/у запчасти для авто и грузовиков;Центральный район, Тула, 300045;Новомосковское шоссе, 60;tel:+79207827206;WhatsApp
Emex, интернет-магазин;Федеральная сеть по продаже автозапчастей. Вовремя и по оптовым ценам — реклама;Центральный район, Тула, 300045;Рязанская, 54;tel:+79066220602;emex.ru
OSZZ;85% всех автозапчастей для японских авто в наличии — реклама;Центральный район, Тула, 300045;Кауля, 10;tel:+74872522513;oszz.ru
A & Z;Защита кузова от разрушения. Работаем без выходных — реклама;Привокзальный район, Тула, 300026;Калужское шоссе, 20;tel:+79997841717;ВКонтакте
Автопрофи, центр технического обслуживания;Автозапчасти для иномарок. В наличии и под заказ. Гарантия, возврат — реклама;Красный перекоп, Центральный район, Тула, 300012;Кауля, 45 к1;tel:+79605989808;автопрофи.рус
Волга, магазин автотоваров;Масла и автохимия: большой выбор по суперценам — реклама;Мясново пос., Привокзальный район, Тула, 300005;Павшинский мост, 3а;tel:+74872214031;
Приват;1000 запчастей для Рено и Ларгуса уже на складе! Приезжай и забирай — реклама;Центральный район, Тула, 300026;проспект Ленина, 105;tel:+74872657317;
Автомобильный супермаркет;Масла, технические жидкости, автохимия, автоэмали, грунты — реклама;Куруловка, Зареченский район, Тула, 300022;Октябрьская, 296а;tel:+74872750391;
Тяжеловоз 2001;Детали для грузовых авто. Двигатель, подвеска, тормоза, кузов. Заказ — реклама;Мясново пос., Привокзальный район, Тула, 300005;Павшинский мост, 2;tel:+74872384585;
АвтоГАЗ;Газель, УАЗ, Волга, Газон, Валдай, Cummins. Новые и б/у запчасти — реклама;Центральный район, Тула, 300045;Новомосковское шоссе, 19;tel:+79109438191;
Заботливый сервис;Федеральная сеть автосервисов с гарантией 2 года на запасные части — реклама;Зареченский район, Тула, 300044;Луначарского, 134;tel:+79308982720;caring-service.com
Гараж;Диагностика двигателя, ходовой, КПП. Шиномонтаж. 3D-сход-развал! — реклама;Центральный район, Тула, 300045;Кауля, 82;tel:+79202705005;WhatsApp
Запчасти у Насти;Новые и б/у запчасти для авто и грузовиков;Центральный район, Тула, 300045;Новомосковское шоссе, 60;tel:+79207827206;WhatsApp
Emex, интернет-магазин;Федеральная сеть по продаже автозапчастей. Вовремя и по оптовым ценам — реклама;Центральный район, Тула, 300045;Рязанская, 54;tel:+79066220602;emex.ru
OSZZ;85% всех автозапчастей для японских авто в наличии — реклама;Центральный район, Тула, 300045;Кауля, 10;tel:+74872522513;oszz.ru
A & Z;Защита кузова от разрушения. Работаем без выходных — реклама;Привокзальный район, Тула, 300026;Калужское шоссе, 20;tel:+79997841717;ВКонтакте
Автопрофи, центр технического обслуживания;Автозапчасти для иномарок. В наличии и под заказ. Гарантия, возврат — реклама;Красный перекоп, Центральный район, Тула, 300012;Кауля, 45 к1;tel:+79605989808;автопрофи.рус
Волга, магазин автотоваров;Масла и автохимия: большой выбор по суперценам — реклама;Мясново пос., Привокзальный район, Тула, 300005;Павшинский мост, 3а;tel:+74872214031;
Приват;1000 запчастей для Рено и Ларгуса уже на складе! Приезжай и забирай — реклама;Центральный район, Тула, 300026;проспект Ленина, 105;tel:+74872657317;
Автомобильный супермаркет;Масла, технические жидкости, автохимия, автоэмали, грунты — реклама;Куруловка, Зареченский район, Тула, 300022;Октябрьская, 296а;tel:+74872750391;
Тяжеловоз 2001;Детали для грузовых авто. Двигатель, подвеска, тормоза, кузов. Заказ — реклама;Мясново пос., Привокзальный район, Тула, 300005;Павшинский мост, 2;tel:+74872384585;
АвтоГАЗ;Газель, УАЗ, Волга, Газон, Валдай, Cummins. Новые и б/у запчасти — реклама;Центральный район, Тула, 300045;Новомосковское шоссе, 19;tel:+79109438191;
Заботливый сервис;Федеральная сеть автосервисов с гарантией 2 года на запасные части — реклама;Зареченский район, Тула, 300044;Луначарского, 134;tel:+79308982720;caring-service.com
Гараж;Диагностика двигателя, ходовой, КПП. Шиномонтаж. 3D-сход-развал! — реклама;Центральный район, Тула, 300045;Кауля, 82;tel:+79202705005;WhatsApp
Запчасти у Насти;Новые и б/у запчасти для авто и грузовиков;Центральный район, Тула, 300045;Новомосковское шоссе, 60;tel:+79207827206;WhatsApp
Emex, интернет-магазин;Федеральная сеть по продаже автозапчастей. Вовремя и по оптовым ценам — реклама;Центральный район, Тула, 300045;Рязанская, 54;tel:+79066220602;emex.ru
OSZZ;85% всех автозапчастей для японских авто в наличии — реклама;Центральный район, Тула, 300045;Кауля, 10;tel:+74872522513;oszz.ru
A & Z;Защита кузова от разрушения. Работаем без выходных — реклама;Привокзальный район, Тула, 300026;Калужское шоссе, 20;tel:+79997841717;ВКонтакте
Автопрофи, центр технического обслуживания;Автозапчасти для иномарок. В наличии и под заказ. Гарантия, возврат — реклама;Красный перекоп, Центральный район, Тула, 300012;Кауля, 45 к1;tel:+79605989808;автопрофи.рус
Волга, магазин автотоваров;Масла и автохимия: большой выбор по суперценам — реклама;Мясново пос., Привокзальный район, Тула, 300005;Павшинский мост, 3а;tel:+74872214031;
Приват;1000 запчастей для Рено и Ларгуса уже на складе! Приезжай и забирай — реклама;Центральный район, Тула, 300026;проспект Ленина, 105;tel:+74872657317;
Автомобильный супермаркет;Масла, технические жидкости, автохимия, автоэмали, грунты — реклама;Куруловка, Зареченский район, Тула, 300022;Октябрьская, 296а;tel:+74872750391;
""
АвтоГАЗ;Газель, УАЗ, Волга, Газон, Валдай, Cummins. Новые и б/у запчасти — реклама;Центральный район, Тула, 300045;Новомосковское шоссе, 19;tel:+79109438191;
Заботливый сервис;Федеральная сеть автосервисов с гарантией 2 года на запасные части — реклама;Зареченский район, Тула, 300044;Луначарского, 134;tel:+79308982720;caring-service.com
Гараж;Диагностика двигателя, ходовой, КПП. Шиномонтаж. 3D-сход-развал! — реклама;Центральный район, Тула, 300045;Кауля, 82;tel:+79202705005;WhatsApp
Запчасти у Насти;Новые и б/у запчасти для авто и грузовиков;Центральный район, Тула, 300045;Новомосковское шоссе, 60;tel:+79207827206;WhatsApp
Emex, интернет-магазин;Федеральная сеть по продаже автозапчастей. Вовремя и по оптовым ценам — реклама;Центральный район, Тула, 300045;Рязанская, 54;tel:+79066220602;emex.ru
OSZZ;85% всех автозапчастей для японских авто в наличии — реклама;Центральный район, Тула, 300045;Кауля, 10;tel:+74872522513;oszz.ru
A & Z;Защита кузова от разрушения. Работаем без выходных — реклама;Привокзальный район, Тула, 300026;Калужское шоссе, 20;tel:+79997841717;ВКонтакте
Автопрофи, центр технического обслуживания;Автозапчасти для иномарок. В наличии и под заказ. Гарантия, возврат — реклама;Красный перекоп, Центральный район, Тула, 300012;Кауля, 45 к1;tel:+79605989808;автопрофи.рус
Волга, магазин автотоваров;Масла и автохимия: большой выбор по суперценам — реклама;Мясново пос., Привокзальный район, Тула, 300005;Павшинский мост, 3а;tel:+74872214031;
Приват;1000 запчастей для Рено и Ларгуса уже на складе! Приезжай и забирай — реклама;Центральный район, Тула, 300026;проспект Ленина, 105;tel:+74872657317;
Автомобильный супермаркет;Масла, технические жидкости, автохимия, автоэмали, грунты — реклама;Куруловка, Зареченский район, Тула, 300022;Октябрьская, 296а;tel:+74872750391;
Тяжеловоз 2001;Детали для грузовых авто. Двигатель, подвеска, тормоза, кузов. Заказ — реклама;Мясново пос., Привокзальный район, Тула, 300005;Павшинский мост, 2;tel:+74872384585;
""
Заботливый сервис;Федеральная сеть автосервисов с гарантией 2 года на запасные части — реклама;Зареченский район, Тула, 300044;Луначарского, 134;tel:+79308982720;caring-service.com
Гараж;Диагностика двигателя, ходовой, КПП. Шиномонтаж. 3D-сход-развал! — реклама;Центральный район, Тула, 300045;Кауля, 82;tel:+79202705005;WhatsApp
Запчасти у Насти;Новые и б/у запчасти для авто и грузовиков;Центральный район, Тула, 300045;Новомосковское шоссе, 60;tel:+79207827206;WhatsApp
Emex, интернет-магазин;Федеральная сеть по продаже автозапчастей. Вовремя и по оптовым ценам — реклама;Центральный район, Тула, 300045;Рязанская, 54;tel:+79066220602;emex.ru
OSZZ;85% всех автозапчастей для японских авто в наличии — реклама;Центральный район, Тула, 300045;Кауля, 10;tel:+74872522513;oszz.ru
A & Z;Защита кузова от разрушения. Работаем без выходных — реклама;Привокзальный район, Тула, 300026;Калужское шоссе, 20;tel:+79997841717;ВКонтакте
Автопрофи, центр технического обслуживания;Автозапчасти для иномарок. В наличии и под заказ. Гарантия, возврат — реклама;Красный перекоп, Центральный район, Тула, 300012;Кауля, 45 к1;tel:+79605989808;автопрофи.рус
Волга, магазин автотоваров;Масла и автохимия: большой выбор по суперценам — реклама;Мясново пос., Привокзальный район, Тула, 300005;Павшинский мост, 3а;tel:+74872214031;
Приват;1000 запчастей для Рено и Ларгуса уже на складе! Приезжай и забирай — реклама;Центральный район, Тула, 300026;проспект Ленина, 105;tel:+74872657317;
Автомобильный супермаркет;Масла, технические жидкости, автохимия, автоэмали, грунты — реклама;Куруловка, Зареченский район, Тула, 300022;Октябрьская, 296а;tel:+74872750391;
Тяжеловоз 2001;Детали для грузовых авто. Двигатель, подвеска, тормоза, кузов. Заказ — реклама;Мясново пос., Привокзальный район, Тула, 300005;Павшинский мост, 2;tel:+74872384585;
АвтоГАЗ;Газель, УАЗ, Волга, Газон, Валдай, Cummins. Новые и б/у запчасти — реклама;Центральный район, Тула, 300045;Новомосковское шоссе, 19;tel:+79109438191;
Заботливый сервис;Федеральная сеть автосервисов с гарантией 2 года на запасные части — реклама;Зареченский район, Тула, 300044;Луначарского, 134;tel:+79308982720;caring-service.com
Гараж;Диагностика двигателя, ходовой, КПП. Шиномонтаж. 3D-сход-развал! — реклама;Центральный район, Тула, 300045;Кауля, 82;tel:+79202705005;WhatsApp
Запчасти у Насти;Новые и б/у запчасти для авто и грузовиков;Центральный район, Тула, 300045;Новомосковское шоссе, 60;tel:+79207827206;WhatsApp
Emex, интернет-магазин;Федеральная сеть по продаже автозапчастей. Вовремя и по оптовым ценам — реклама;Центральный район, Тула, 300045;Рязанская, 54;tel:+79066220602;emex.ru
OSZZ;85% всех автозапчастей для японских авто в наличии — реклама;Центральный район, Тула, 300045;Кауля, 10;tel:+74872522513;oszz.ru
A & Z;Защита кузова от разрушения. Работаем без выходных — реклама;Привокзальный район, Тула, 300026;Калужское шоссе, 20;tel:+79997841717;ВКонтакте
Автопрофи, центр технического обслуживания;Автозапчасти для иномарок. В наличии и под заказ. Гарантия, возврат — реклама;Красный перекоп, Центральный район, Тула, 300012;Кауля, 45 к1;tel:+79605989808;автопрофи.рус
Волга, магазин автотоваров;Масла и автохимия: большой выбор по суперценам — реклама;Мясново пос., Привокзальный район, Тула, 300005;Павшинский мост, 3а;tel:+74872214031;
Приват;1000 запчастей для Рено и Ларгуса уже на складе! Приезжай и забирай — реклама;Центральный район, Тула, 300026;проспект Ленина, 105;tel:+74872657317;
Автомобильный супермаркет;Масла, технические жидкости, автохимия, автоэмали, грунты — реклама;Куруловка, Зареченский район, Тула, 300022;Октябрьская, 296а;tel:+74872750391;
Тяжеловоз 2001;Детали для грузовых авто. Двигатель, подвеска, тормоза, кузов. Заказ — реклама;Мясново пос., Привокзальный район, Тула, 300005;Павшинский мост, 2;tel:+74872384585;
АвтоГАЗ;Газель, УАЗ, Волга, Газон, Валдай, Cummins. Новые и б/у запчасти — реклама;Центральный район, Тула, 300045;Новомосковское шоссе, 19;tel:+79109438191;
Заботливый сервис;Федеральная сеть автосервисов с гарантией 2 года на запасные части — реклама;Зареченский район, Тула, 300044;Луначарского, 134;tel:+79308982720;caring-service.com
Гараж;Диагностика двигателя, ходовой, КПП. Шиномонтаж. 3D-сход-развал! — реклама;Центральный район, Тула, 300045;Кауля, 82;tel:+79202705005;WhatsApp
Запчасти у Насти;Новые и б/у запчасти для авто и грузовиков;Центральный район, Тула, 300045;Новомосковское шоссе, 60;tel:+79207827206;WhatsApp
Emex, интернет-магазин;Федеральная сеть по продаже автозапчастей. Вовремя и по оптовым ценам — реклама;Центральный район, Тула, 300045;Рязанская, 54;tel:+79066220602;emex.ru
OSZZ;85% всех автозапчастей для японских авто в наличии — реклама;Центральный район, Тула, 300045;Кауля, 10;tel:+74872522513;oszz.ru
A & Z;Защита кузова от разрушения. Работаем без выходных — реклама;Привокзальный район, Тула, 300026;Калужское шоссе, 20;tel:+79997841717;ВКонтакте
Автопрофи, центр технического обслуживания;Автозапчасти для иномарок. В наличии и под заказ. Гарантия, возврат — реклама;Красный перекоп, Центральный район, Тула, 300012;Кауля, 45 к1;tel:+79605989808;автопрофи.рус
Волга, магазин автотоваров;Масла и автохимия: большой выбор по суперценам — реклама;Мясново пос., Привокзальный район, Тула, 300005;Павшинский мост, 3а;tel:+74872214031;
Приват;1000 запчастей для Рено и Ларгуса уже на складе! Приезжай и забирай — реклама;Центральный район, Тула, 300026;проспект Ленина, 105;tel:+74872657317;
Автомобильный супермаркет;Масла, технические жидкости, автохимия, автоэмали, грунты — реклама;Куруловка, Зареченский район, Тула, 300022;Октябрьская, 296а;tel:+74872750391;
Тяжеловоз 2001;Детали для грузовых авто. Двигатель, подвеска, тормоза, кузов. Заказ — реклама;Мясново пос., Привокзальный район, Тула, 300005;Павшинский мост, 2;tel:+74872384585;
АвтоГАЗ;Газель, УАЗ, Волга, Газон, Валдай, Cummins. Новые и б/у запчасти — реклама;Центральный район, Тула, 300045;Новомосковское шоссе, 19;tel:+79109438191;
Заботливый сервис;Федеральная сеть автосервисов с гарантией 2 года на запасные части — реклама;Зареченский район, Тула, 300044;Луначарского, 134;tel:+79308982720;caring-service.com
Гараж;Диагностика двигателя, ходовой, КПП. Шиномонтаж. 3D-сход-развал! — реклама;Центральный район, Тула, 300045;Кауля, 82;tel:+79202705005;WhatsApp
Запчасти у Насти;Новые и б/у запчасти для авто и грузовиков;Центральный район, Тула, 300045;Новомосковское шоссе, 60;tel:+79207827206;WhatsApp
Emex, интернет-магазин;Федеральная сеть по продаже автозапчастей. Вовремя и по оптовым ценам — реклама;Центральный район, Тула, 300045;Рязанская, 54;tel:+79066220602;emex.ru
OSZZ;85% всех автозапчастей для японских авто в наличии — реклама;Центральный район, Тула, 300045;Кауля, 10;tel:+74872522513;oszz.ru
""
Автопрофи, центр технического обслуживания;Автозапчасти для иномарок. В наличии и под заказ. Гарантия, возврат — реклама;Красный перекоп, Центральный район, Тула, 300012;Кауля, 45 к1;tel:+79605989808;автопрофи.рус
Волга, магазин автотоваров;Масла и автохимия: большой выбор по суперценам — реклама;Мясново пос., Привокзальный район, Тула, 300005;Павшинский мост, 3а;tel:+74872214031;
Приват;1000 запчастей для Рено и Ларгуса уже на складе! Приезжай и забирай — реклама;Центральный район, Тула, 300026;проспект Ленина, 105;tel:+74872657317;
""
Тяжеловоз 2001;Детали для грузовых авто. Двигатель, подвеска, тормоза, кузов. Заказ — реклама;Мясново пос., Привокзальный район, Тула, 300005;Павшинский мост, 2;tel:+74872384585;
""
Заботливый сервис;Федеральная сеть автосервисов с гарантией 2 года на запасные части — реклама;Зареченский район, Тула, 300044;Луначарского, 134;tel:+79308982720;caring-service.com
Гараж;Диагностика двигателя, ходовой, КПП. Шиномонтаж. 3D-сход-развал! — реклама;Центральный район, Тула, 300045;Кауля, 82;tel:+79202705005;WhatsApp
Запчасти у Насти;Новые и б/у запчасти для авто и грузовиков;Центральный район, Тула, 300045;Новомосковское шоссе, 60;tel:+79207827206;WhatsApp
Emex, интернет-магазин;Федеральная сеть по продаже автозапчастей. Вовремя и по оптовым ценам — реклама;Центральный район, Тула, 300045;Рязанская, 54;tel:+79066220602;emex.ru
OSZZ;85% всех автозапчастей для японских авто в наличии — реклама;Центральный район, Тула, 300045;Кауля, 10;tel:+74872522513;oszz.ru
""
Автопрофи, центр технического обслуживания;Автозапчасти для иномарок. В наличии и под заказ. Гарантия, возврат — реклама;Красный перекоп, Центральный район, Тула, 300012;Кауля, 45 к1;tel:+79605989808;автопрофи.рус
""
Приват;1000 запчастей для Рено и Ларгуса уже на складе! Приезжай и забирай — реклама;Центральный район, Тула, 300026;проспект Ленина, 105;tel:+74872657317;
Автомобильный супермаркет;Масла, технические жидкости, автохимия, автоэмали, грунты — реклама;Куруловка, Зареченский район, Тула, 300022;Октябрьская, 296а;tel:+74872750391;
Тяжеловоз 2001;Детали для грузовых авто. Двигатель, подвеска, тормоза, кузов. Заказ — реклама;Мясново пос., Привокзальный район, Тула, 300005;Павшинский мост, 2;tel:+74872384585;
АвтоГАЗ;Газель, УАЗ, Волга, Газон, Валдай, Cummins. Новые и б/у запчасти — реклама;Центральный район, Тула, 300045;Новомосковское шоссе, 19;tel:+79109438191;
Заботливый сервис;Федеральная сеть автосервисов с гарантией 2 года на запасные части — реклама;Зареченский район, Тула, 300044;Луначарского, 134;tel:+79308982720;caring-service.com
Гараж;Диагностика двигателя, ходовой, КПП. Шиномонтаж. 3D-сход-развал! — реклама;Центральный район, Тула, 300045;Кауля, 82;tel:+79202705005;WhatsApp
""
Emex, интернет-магазин;Федеральная сеть по продаже автозапчастей. Вовремя и по оптовым ценам — реклама;Центральный район, Тула, 300045;Рязанская, 54;tel:+79066220602;emex.ru
OSZZ;85% всех автозапчастей для японских авто в наличии — реклама;Центральный район, Тула, 300045;Кауля, 10;tel:+74872522513;oszz.ru
Автопрофи, центр технического обслуживания;Автозапчасти для иномарок. В наличии и под заказ. Гарантия, возврат — реклама;Красный перекоп, Центральный район, Тула, 300012;Кауля, 45 к1;tel:+79605989808;автопрофи.рус
A & Z;Защита кузова от разрушения. Работаем без выходных — реклама;Привокзальный район, Тула, 300026;Калужское шоссе, 20;tel:+79997841717;ВКонтакте
Волга, магазин автотоваров;Масла и автохимия: большой выбор по суперценам — реклама;Мясново пос., Привокзальный район, Тула, 300005;Павшинский мост, 3а;tel:+74872214031;
Приват;1000 запчастей для Рено и Ларгуса уже на складе! Приезжай и забирай — реклама;Центральный район, Тула, 300026;проспект Ленина, 105;tel:+74872657317;
Тяжеловоз 2001;Детали для грузовых авто. Двигатель, подвеска, тормоза, кузов. Заказ — реклама;Мясново пос., Привокзальный район, Тула, 300005;Павшинский мост, 2;tel:+74872384585;
Автомобильный супермаркет;Масла, технические жидкости, автохимия, автоэмали, грунты — реклама;Куруловка, Зареченский район, Тула, 300022;Октябрьская, 296а;tel:+74872750391;
АвтоГАЗ;Газель, УАЗ, Волга, Газон, Валдай, Cummins. Новые и б/у запчасти — реклама;Центральный район, Тула, 300045;Новомосковское шоссе, 19;tel:+79109438191;
АвтоМаг;Сезонные летние скидки на покраску и кузовной ремонт! — реклама;Центральный район, Тула, 300045;проезд Некрасова, 6;tel:+79038434600;WhatsApp
Транзит;Мелкий и капремонт, автомойка, шиномонтаж. Внимание каждому элементу! — реклама;Киреевский район, Тульская область;трасса М-4 225 км, 1 ст2;tel:+79509065324;
Запчасти у Насти;Новые и б/у запчасти для авто и грузовиков;Центральный район, Тула, 300045;Новомосковское шоссе, 60;tel:+79207827206;WhatsApp
Emex, интернет-магазин;Федеральная сеть по продаже автозапчастей. Вовремя и по оптовым ценам — реклама;Центральный район, Тула, 300045;Рязанская, 54;tel:+79066220602;emex.ru
OSZZ;85% всех автозапчастей для японских авто в наличии — реклама;Центральный район, Тула, 300045;Кауля, 10;tel:+74872522513;oszz.ru
Автопрофи, центр технического обслуживания;Автозапчасти для иномарок. В наличии и под заказ. Гарантия, возврат — реклама;Красный перекоп, Центральный район, Тула, 300012;Кауля, 45 к1;tel:+79605989808;автопрофи.рус
A & Z;Защита кузова от разрушения. Работаем без выходных — реклама;Привокзальный район, Тула, 300026;Калужское шоссе, 20;tel:+79997841717;ВКонтакте
Волга, магазин автотоваров;Масла и автохимия: большой выбор по суперценам — реклама;Мясново пос., Привокзальный район, Тула, 300005;Павшинский мост, 3а;tel:+74872214031;
Приват;1000 запчастей для Рено и Ларгуса уже на складе! Приезжай и забирай — реклама;Центральный район, Тула, 300026;проспект Ленина, 105;tel:+74872657317;
Тяжеловоз 2001;Детали для грузовых авто. Двигатель, подвеска, тормоза, кузов. Заказ — реклама;Мясново пос., Привокзальный район, Тула, 300005;Павшинский мост, 2;tel:+74872384585;
Автомобильный супермаркет;Масла, технические жидкости, автохимия, автоэмали, грунты — реклама;Куруловка, Зареченский район, Тула, 300022;Октябрьская, 296а;tel:+74872750391;
""
АвтоМаг;Сезонные летние скидки на покраску и кузовной ремонт! — реклама;Центральный район, Тула, 300045;проезд Некрасова, 6;tel:+79038434600;WhatsApp
Транзит;Мелкий и капремонт, автомойка, шиномонтаж. Внимание каждому элементу! — реклама;Киреевский район, Тульская область;трасса М-4 225 км, 1 ст2;tel:+79509065324;
Запчасти у Насти;Новые и б/у запчасти для авто и грузовиков;Центральный район, Тула, 300045;Новомосковское шоссе, 60;tel:+79207827206;WhatsApp
Emex, интернет-магазин;Федеральная сеть по продаже автозапчастей. Вовремя и по оптовым ценам — реклама;Центральный район, Тула, 300045;Рязанская, 54;tel:+79066220602;emex.ru
OSZZ;85% всех автозапчастей для японских авто в наличии — реклама;Центральный район, Тула, 300045;Кауля, 10;tel:+74872522513;oszz.ru
Автопрофи, центр технического обслуживания;Автозапчасти для иномарок. В наличии и под заказ. Гарантия, возврат — реклама;Красный перекоп, Центральный район, Тула, 300012;Кауля, 45 к1;tel:+79605989808;автопрофи.рус
A & Z;Защита кузова от разрушения. Работаем без выходных — реклама;Привокзальный район, Тула, 300026;Калужское шоссе, 20;tel:+79997841717;ВКонтакте
Волга, магазин автотоваров;Масла и автохимия: большой выбор по суперценам — реклама;Мясново пос., Привокзальный район, Тула, 300005;Павшинский мост, 3а;tel:+74872214031;
Приват;1000 запчастей для Рено и Ларгуса уже на складе! Приезжай и забирай — реклама;Центральный район, Тула, 300026;проспект Ленина, 105;tel:+74872657317;
Тяжеловоз 2001;Детали для грузовых авто. Двигатель, подвеска, тормоза, кузов. Заказ — реклама;Мясново пос., Привокзальный район, Тула, 300005;Павшинский мост, 2;tel:+74872384585;
Автомобильный супермаркет;Масла, технические жидкости, автохимия, автоэмали, грунты — реклама;Куруловка, Зареченский район, Тула, 300022;Октябрьская, 296а;tel:+74872750391;
АвтоГАЗ;Газель, УАЗ, Волга, Газон, Валдай, Cummins. Новые и б/у запчасти — реклама;Центральный район, Тула, 300045;Новомосковское шоссе, 19;tel:+79109438191;
АвтоМаг;Сезонные летние скидки на покраску и кузовной ремонт! — реклама;Центральный район, Тула, 300045;проезд Некрасова, 6;tel:+79038434600;WhatsApp
Транзит;Мелкий и капремонт, автомойка, шиномонтаж. Внимание каждому элементу! — реклама;Киреевский район, Тульская область;трасса М-4 225 км, 1 ст2;tel:+79509065324;
Запчасти у Насти;Новые и б/у запчасти для авто и грузовиков;Центральный район, Тула, 300045;Новомосковское шоссе, 60;tel:+79207827206;WhatsApp
Emex, интернет-магазин;Федеральная сеть по продаже автозапчастей. Вовремя и по оптовым ценам — реклама;Центральный район, Тула, 300045;Рязанская, 54;tel:+79066220602;emex.ru
OSZZ;85% всех автозапчастей для японских авто в наличии — реклама;Центральный район, Тула, 300045;Кауля, 10;tel:+74872522513;oszz.ru
Автопрофи, центр технического обслуживания;Автозапчасти для иномарок. В наличии и под заказ. Гарантия, возврат — реклама;Красный перекоп, Центральный район, Тула, 300012;Кауля, 45 к1;tel:+79605989808;автопрофи.рус
A & Z;Защита кузова от разрушения. Работаем без выходных — реклама;Привокзальный район, Тула, 300026;Калужское шоссе, 20;tel:+79997841717;ВКонтакте
""
Приват;1000 запчастей для Рено и Ларгуса уже на складе! Приезжай и забирай — реклама;Центральный район, Тула, 300026;проспект Ленина, 105;tel:+74872657317;
Тяжеловоз 2001;Детали для грузовых авто. Двигатель, подвеска, тормоза, кузов. Заказ — реклама;Мясново пос., Привокзальный район, Тула, 300005;Павшинский мост, 2;tel:+74872384585;
Автомобильный супермаркет;Масла, технические жидкости, автохимия, автоэмали, грунты — реклама;Куруловка, Зареченский район, Тула, 300022;Октябрьская, 296а;tel:+74872750391;
АвтоГАЗ;Газель, УАЗ, Волга, Газон, Валдай, Cummins. Новые и б/у запчасти — реклама;Центральный район, Тула, 300045;Новомосковское шоссе, 19;tel:+79109438191;
АвтоМаг;Сезонные летние скидки на покраску и кузовной ремонт! — реклама;Центральный район, Тула, 300045;проезд Некрасова, 6;tel:+79038434600;WhatsApp
Транзит;Мелкий и капремонт, автомойка, шиномонтаж. Внимание каждому элементу! — реклама;Киреевский район, Тульская область;трасса М-4 225 км, 1 ст2;tel:+79509065324;
Запчасти у Насти;Новые и б/у запчасти для авто и грузовиков;Центральный район, Тула, 300045;Новомосковское шоссе, 60;tel:+79207827206;WhatsApp
Emex, интернет-магазин;Федеральная сеть по продаже автозапчастей. Вовремя и по оптовым ценам — реклама;Центральный район, Тула, 300045;Рязанская, 54;tel:+79066220602;emex.ru
OSZZ;85% всех автозапчастей для японских авто в наличии — реклама;Центральный район, Тула, 300045;Кауля, 10;tel:+74872522513;oszz.ru
Автопрофи, центр технического обслуживания;Автозапчасти для иномарок. В наличии и под заказ. Гарантия, возврат — реклама;Красный перекоп, Центральный район, Тула, 300012;Кауля, 45 к1;tel:+79605989808;автопрофи.рус
A & Z;Защита кузова от разрушения. Работаем без выходных — реклама;Привокзальный район, Тула, 300026;Калужское шоссе, 20;tel:+79997841717;ВКонтакте
Волга, магазин автотоваров;Масла и автохимия: большой выбор по суперценам — реклама;Мясново пос., Привокзальный район, Тула, 300005;Павшинский мост, 3а;tel:+74872214031;
Приват;1000 запчастей для Рено и Ларгуса уже на складе! Приезжай и забирай — реклама;Центральный район, Тула, 300026;проспект Ленина, 105;tel:+74872657317;
Тяжеловоз 2001;Детали для грузовых авто. Двигатель, подвеска, тормоза, кузов. Заказ — реклама;Мясново пос., Привокзальный район, Тула, 300005;Павшинский мост, 2;tel:+74872384585;
""
АвтоГАЗ;Газель, УАЗ, Волга, Газон, Валдай, Cummins. Новые и б/у запчасти — реклама;Центральный район, Тула, 300045;Новомосковское шоссе, 19;tel:+79109438191;
АвтоМаг;Сезонные летние скидки на покраску и кузовной ремонт! — реклама;Центральный район, Тула, 300045;проезд Некрасова, 6;tel:+79038434600;WhatsApp
Транзит;Мелкий и капремонт, автомойка, шиномонтаж. Внимание каждому элементу! — реклама;Киреевский район, Тульская область;трасса М-4 225 км, 1 ст2;tel:+79509065324;
Запчасти у Насти;Новые и б/у запчасти для авто и грузовиков;Центральный район, Тула, 300045;Новомосковское шоссе, 60;tel:+79207827206;WhatsApp
Emex, интернет-магазин;Федеральная сеть по продаже автозапчастей. Вовремя и по оптовым ценам — реклама;Центральный район, Тула, 300045;Рязанская, 54;tel:+79066220602;emex.ru
OSZZ;85% всех автозапчастей для японских авто в наличии — реклама;Центральный район, Тула, 300045;Кауля, 10;tel:+74872522513;oszz.ru
Автопрофи, центр технического обслуживания;Автозапчасти для иномарок. В наличии и под заказ. Гарантия, возврат — реклама;Красный перекоп, Центральный район, Тула, 300012;Кауля, 45 к1;tel:+79605989808;автопрофи.рус
A & Z;Защита кузова от разрушения. Работаем без выходных — реклама;Привокзальный район, Тула, 300026;Калужское шоссе, 20;tel:+79997841717;ВКонтакте
Волга, магазин автотоваров;Масла и автохимия: большой выбор по суперценам — реклама;Мясново пос., Привокзальный район, Тула, 300005;Павшинский мост, 3а;tel:+74872214031;
""
Тяжеловоз 2001;Детали для грузовых авто. Двигатель, подвеска, тормоза, кузов. Заказ — реклама;Мясново пос., Привокзальный район, Тула, 300005;Павшинский мост, 2;tel:+74872384585;
Автомобильный супермаркет;Масла, технические жидкости, автохимия, автоэмали, грунты — реклама;Куруловка, Зареченский район, Тула, 300022;Октябрьская, 296а;tel:+74872750391;
АвтоГАЗ;Газель, УАЗ, Волга, Газон, Валдай, Cummins. Новые и б/у запчасти — реклама;Центральный район, Тула, 300045;Новомосковское шоссе, 19;tel:+79109438191;
АвтоМаг;Сезонные летние скидки на покраску и кузовной ремонт! — реклама;Центральный район, Тула, 300045;проезд Некрасова, 6;tel:+79038434600;WhatsApp
Транзит;Мелкий и капремонт, автомойка, шиномонтаж. Внимание каждому элементу! — реклама;Киреевский район, Тульская область;трасса М-4 225 км, 1 ст2;tel:+79509065324;
Запчасти у Насти;Новые и б/у запчасти для авто и грузовиков;Центральный район, Тула, 300045;Новомосковское шоссе, 60;tel:+79207827206;WhatsApp
Emex, интернет-магазин;Федеральная сеть по продаже автозапчастей. Вовремя и по оптовым ценам — реклама;Центральный район, Тула, 300045;Рязанская, 54;tel:+79066220602;emex.ru
OSZZ;85% всех автозапчастей для японских авто в наличии — реклама;Центральный район, Тула, 300045;Кауля, 10;tel:+74872522513;oszz.ru
Автопрофи, центр технического обслуживания;Автозапчасти для иномарок. В наличии и под заказ. Гарантия, возврат — реклама;Красный перекоп, Центральный район, Тула, 300012;Кауля, 45 к1;tel:+79605989808;автопрофи.рус
A & Z;Защита кузова от разрушения. Работаем без выходных — реклама;Привокзальный район, Тула, 300026;Калужское шоссе, 20;tel:+79997841717;ВКонтакте
Волга, магазин автотоваров;Масла и автохимия: большой выбор по суперценам — реклама;Мясново пос., Привокзальный район, Тула, 300005;Павшинский мост, 3а;tel:+74872214031;
""
Тяжеловоз 2001;Детали для грузовых авто. Двигатель, подвеска, тормоза, кузов. Заказ — реклама;Мясново пос., Привокзальный район, Тула, 300005;Павшинский мост, 2;tel:+74872384585;
Автомобильный супермаркет;Масла, технические жидкости, автохимия, автоэмали, грунты — реклама;Куруловка, Зареченский район, Тула, 300022;Октябрьская, 296а;tel:+74872750391;
АвтоГАЗ;Газель, УАЗ, Волга, Газон, Валдай, Cummins. Новые и б/у запчасти — реклама;Центральный район, Тула, 300045;Новомосковское шоссе, 19;tel:+79109438191;
АвтоМаг;Сезонные летние скидки на покраску и кузовной ремонт! — реклама;Центральный район, Тула, 300045;проезд Некрасова, 6;tel:+79038434600;WhatsApp
Транзит;Мелкий и капремонт, автомойка, шиномонтаж. Внимание каждому элементу! — реклама;Киреевский район, Тульская область;трасса М-4 225 км, 1 ст2;tel:+79509065324;
Запчасти у Насти;Новые и б/у запчасти для авто и грузовиков;Центральный район, Тула, 300045;Новомосковское шоссе, 60;tel:+79207827206;WhatsApp
Emex, интернет-магазин;Федеральная сеть по продаже автозапчастей. Вовремя и по оптовым ценам — реклама;Центральный район, Тула, 300045;Рязанская, 54;tel:+79066220602;emex.ru
OSZZ;85% всех автозапчастей для японских авто в наличии — реклама;Центральный район, Тула, 300045;Кауля, 10;tel:+74872522513;oszz.ru
Автопрофи, центр технического обслуживания;Автозапчасти для иномарок. В наличии и под заказ. Гарантия, возврат — реклама;Красный перекоп, Центральный район, Тула, 300012;Кауля, 45 к1;tel:+79605989808;автопрофи.рус
A & Z;Защита кузова от разрушения. Работаем без выходных — реклама;Привокзальный район, Тула, 300026;Калужское шоссе, 20;tel:+79997841717;ВКонтакте
Волга, магазин автотоваров;Масла и автохимия: большой выбор по суперценам — реклама;Мясново пос., Привокзальный район, Тула, 300005;Павшинский мост, 3а;tel:+74872214031;
Приват;1000 запчастей для Рено и Ларгуса уже на складе! Приезжай и забирай — реклама;Центральный район, Тула, 300026;проспект Ленина, 105;tel:+74872657317;
Тяжеловоз 2001;Детали для грузовых авто. Двигатель, подвеска, тормоза, кузов. Заказ — реклама;Мясново пос., Привокзальный район, Тула, 300005;Павшинский мост, 2;tel:+74872384585;
Автомобильный супермаркет;Масла, технические жидкости, автохимия, автоэмали, грунты — реклама;Куруловка, Зареченский район, Тула, 300022;Октябрьская, 296а;tel:+74872750391;
АвтоГАЗ;Газель, УАЗ, Волга, Газон, Валдай, Cummins. Новые и б/у запчасти — реклама;Центральный район, Тула, 300045;Новомосковское шоссе, 19;tel:+79109438191;
АвтоМаг;Сезонные летние скидки на покраску и кузовной ремонт! — реклама;Центральный район, Тула, 300045;проезд Некрасова, 6;tel:+79038434600;WhatsApp
Транзит;Мелкий и капремонт, автомойка, шиномонтаж. Внимание каждому элементу! — реклама;Киреевский район, Тульская область;трасса М-4 225 км, 1 ст2;tel:+79509065324;
Запчасти у Насти;Новые и б/у запчасти для авто и грузовиков;Центральный район, Тула, 300045;Новомосковское шоссе, 60;tel:+79207827206;WhatsApp
Emex, интернет-магазин;Федеральная сеть по продаже автозапчастей. Вовремя и по оптовым ценам — реклама;Центральный район, Тула, 300045;Рязанская, 54;tel:+79066220602;emex.ru
""
Автопрофи, центр технического обслуживания;Автозапчасти для иномарок. В наличии и под заказ. Гарантия, возврат — реклама;Красный перекоп, Центральный район, Тула, 300012;Кауля, 45 к1;tel:+79605989808;автопрофи.рус
""
Волга, магазин автотоваров;Масла и автохимия: большой выбор по суперценам — реклама;Мясново пос., Привокзальный район, Тула, 300005;Павшинский мост, 3а;tel:+74872214031;
Приват;1000 запчастей для Рено и Ларгуса уже на складе! Приезжай и забирай — реклама;Центральный район, Тула, 300026;проспект Ленина, 105;tel:+74872657317;
Тяжеловоз 2001;Детали для грузовых авто. Двигатель, подвеска, тормоза, кузов. Заказ — реклама;Мясново пос., Привокзальный район, Тула, 300005;Павшинский мост, 2;tel:+74872384585;
Автомобильный супермаркет;Масла, технические жидкости, автохимия, автоэмали, грунты — реклама;Куруловка, Зареченский район, Тула, 300022;Октябрьская, 296а;tel:+74872750391;
АвтоГАЗ;Газель, УАЗ, Волга, Газон, Валдай, Cummins. Новые и б/у запчасти — реклама;Центральный район, Тула, 300045;Новомосковское шоссе, 19;tel:+79109438191;
АвтоМаг;Сезонные летние скидки на покраску и кузовной ремонт! — реклама;Центральный район, Тула, 300045;проезд Некрасова, 6;tel:+79038434600;WhatsApp
""
Запчасти у Насти;Новые и б/у запчасти для авто и грузовиков;Центральный район, Тула, 300045;Новомосковское шоссе, 60;tel:+79207827206;WhatsApp
Emex, интернет-магазин;Федеральная сеть по продаже автозапчастей. Вовремя и по оптовым ценам — реклама;Центральный район, Тула, 300045;Рязанская, 54;tel:+79066220602;emex.ru
OSZZ;85% всех автозапчастей для японских авто в наличии — реклама;Центральный район, Тула, 300045;Кауля, 10;tel:+74872522513;oszz.ru
Автопрофи, центр технического обслуживания;Автозапчасти для иномарок. В наличии и под заказ. Гарантия, возврат — реклама;Красный перекоп, Центральный район, Тула, 300012;Кауля, 45 к1;tel:+79605989808;автопрофи.рус
A & Z;Защита кузова от разрушения. Работаем без выходных — реклама;Привокзальный район, Тула, 300026;Калужское шоссе, 20;tel:+79997841717;ВКонтакте
Волга, магазин автотоваров;Масла и автохимия: большой выбор по суперценам — реклама;Мясново пос., Привокзальный район, Тула, 300005;Павшинский мост, 3а;tel:+74872214031;
Приват;1000 запчастей для Рено и Ларгуса уже на складе! Приезжай и забирай — реклама;Центральный район, Тула, 300026;проспект Ленина, 105;tel:+74872657317;
Тяжеловоз 2001;Детали для грузовых авто. Двигатель, подвеска, тормоза, кузов. Заказ — реклама;Мясново пос., Привокзальный район, Тула, 300005;Павшинский мост, 2;tel:+74872384585;
""
АвтоГАЗ;Газель, УАЗ, Волга, Газон, Валдай, Cummins. Новые и б/у запчасти — реклама;Центральный район, Тула, 300045;Новомосковское шоссе, 19;tel:+79109438191;
АвтоМаг;Сезонные летние скидки на покраску и кузовной ремонт! — реклама;Центральный район, Тула, 300045;проезд Некрасова, 6;tel:+79038434600;WhatsApp
""
Запчасти у Насти;Новые и б/у запчасти для авто и грузовиков;Центральный район, Тула, 300045;Новомосковское шоссе, 60;tel:+79207827206;WhatsApp
Emex, интернет-магазин;Федеральная сеть по продаже автозапчастей. Вовремя и по оптовым ценам — реклама;Центральный район, Тула, 300045;Рязанская, 54;tel:+79066220602;emex.ru
OSZZ;85% всех автозапчастей для японских авто в наличии — реклама;Центральный район, Тула, 300045;Кауля, 10;tel:+74872522513;oszz.ru
Автопрофи, центр технического обслуживания;Автозапчасти для иномарок. В наличии и под заказ. Гарантия, возврат — реклама;Красный перекоп, Центральный район, Тула, 300012;Кауля, 45 к1;tel:+79605989808;автопрофи.рус
""
Волга, магазин автотоваров;Масла и автохимия: большой выбор по суперценам — реклама;Мясново пос., Привокзальный район, Тула, 300005;Павшинский мост, 3а;tel:+74872214031;
""
Тяжеловоз 2001;Детали для грузовых авто. Двигатель, подвеска, тормоза, кузов. Заказ — реклама;Мясново пос., Привокзальный район, Тула, 300005;Павшинский мост, 2;tel:+74872384585;
""
АвтоГАЗ;Газель, УАЗ, Волга, Газон, Валдай, Cummins. Новые и б/у запчасти — реклама;Центральный район, Тула, 300045;Новомосковское шоссе, 19;tel:+79109438191;
АвтоМаг;Сезонные летние скидки на покраску и кузовной ремонт! — реклама;Центральный район, Тула, 300045;проезд Некрасова, 6;tel:+79038434600;WhatsApp
Транзит;Мелкий и капремонт, автомойка, шиномонтаж. Внимание каждому элементу! — реклама;Киреевский район, Тульская область;трасса М-4 225 км, 1 ст2;tel:+79509065324;
Запчасти у Насти;Новые и б/у запчасти для авто и грузовиков;Центральный район, Тула, 300045;Новомосковское шоссе, 60;tel:+79207827206;WhatsApp
Emex, интернет-магазин;Федеральная сеть по продаже автозапчастей. Вовремя и по оптовым ценам — реклама;Центральный район, Тула, 300045;Рязанская, 54;tel:+79066220602;emex.ru
OSZZ;85% всех автозапчастей для японских авто в наличии — реклама;Центральный район, Тула, 300045;Кауля, 10;tel:+74872522513;oszz.ru
Автопрофи, центр технического обслуживания;Автозапчасти для иномарок. В наличии и под заказ. Гарантия, возврат — реклама;Красный перекоп, Центральный район, Тула, 300012;Кауля, 45 к1;tel:+79605989808;автопрофи.рус
A & Z;Защита кузова от разрушения. Работаем без выходных — реклама;Привокзальный район, Тула, 300026;Калужское шоссе, 20;tel:+79997841717;ВКонтакте
Волга, магазин автотоваров;Масла и автохимия: большой выбор по суперценам — реклама;Мясново пос., Привокзальный район, Тула, 300005;Павшинский мост, 3а;tel:+74872214031;
Приват;1000 запчастей для Рено и Ларгуса уже на складе! Приезжай и забирай — реклама;Центральный район, Тула, 300026;проспект Ленина, 105;tel:+74872657317;
Тяжеловоз 2001;Детали для грузовых авто. Двигатель, подвеска, тормоза, кузов. Заказ — реклама;Мясново пос., Привокзальный район, Тула, 300005;Павшинский мост, 2;tel:+74872384585;
Автомобильный супермаркет;Масла, технические жидкости, автохимия, автоэмали, грунты — реклама;Куруловка, Зареченский район, Тула, 300022;Октябрьская, 296а;tel:+74872750391;
АвтоГАЗ;Газель, УАЗ, Волга, Газон, Валдай, Cummins. Новые и б/у запчасти — реклама;Центральный район, Тула, 300045;Новомосковское шоссе, 19;tel:+79109438191;
АвтоМаг;Сезонные летние скидки на покраску и кузовной ремонт! — реклама;Центральный район, Тула, 300045;проезд Некрасова, 6;tel:+79038434600;WhatsApp
Транзит;Мелкий и капремонт, автомойка, шиномонтаж. Внимание каждому элементу! — реклама;Киреевский район, Тульская область;трасса М-4 225 км, 1 ст2;tel:+79509065324;
Запчасти у Насти;Новые и б/у запчасти для авто и грузовиков;Центральный район, Тула, 300045;Новомосковское шоссе, 60;tel:+79207827206;WhatsApp
Emex, интернет-магазин;Федеральная сеть по продаже автозапчастей. Вовремя и по оптовым ценам — реклама;Центральный район, Тула, 300045;Рязанская, 54;tel:+79066220602;emex.ru
OSZZ;85% всех автозапчастей для японских авто в наличии — реклама;Центральный район, Тула, 300045;Кауля, 10;tel:+74872522513;oszz.ru
Автопрофи, центр технического обслуживания;Автозапчасти для иномарок. В наличии и под заказ. Гарантия, возврат — реклама;Красный перекоп, Центральный район, Тула, 300012;Кауля, 45 к1;tel:+79605989808;автопрофи.рус
A & Z;Защита кузова от разрушения. Работаем без выходных — реклама;Привокзальный район, Тула, 300026;Калужское шоссе, 20;tel:+79997841717;ВКонтакте
Волга, магазин автотоваров;Масла и автохимия: большой выбор по суперценам — реклама;Мясново пос., Привокзальный район, Тула, 300005;Павшинский мост, 3а;tel:+74872214031;
Приват;1000 запчастей для Рено и Ларгуса уже на складе! Приезжай и забирай — реклама;Центральный район, Тула, 300026;проспект Ленина, 105;tel:+74872657317;
Тяжеловоз 2001;Детали для грузовых авто. Двигатель, подвеска, тормоза, кузов. Заказ — реклама;Мясново пос., Привокзальный район, Тула, 300005;Павшинский мост, 2;tel:+74872384585;
Автомобильный супермаркет;Масла, технические жидкости, автохимия, автоэмали, грунты — реклама;Куруловка, Зареченский район, Тула, 300022;Октябрьская, 296а;tel:+74872750391;
АвтоГАЗ;Газель, УАЗ, Волга, Газон, Валдай, Cummins. Новые и б/у запчасти — реклама;Центральный район, Тула, 300045;Новомосковское шоссе, 19;tel:+79109438191;
АвтоМаг;Сезонные летние скидки на покраску и кузовной ремонт! — реклама;Центральный район, Тула, 300045;проезд Некрасова, 6;tel:+79038434600;WhatsApp
Транзит;Мелкий и капремонт, автомойка, шиномонтаж. Внимание каждому элементу! — реклама;Киреевский район, Тульская область;трасса М-4 225 км, 1 ст2;tel:+79509065324;
Запчасти у Насти;Новые и б/у запчасти для авто и грузовиков;Центральный район, Тула, 300045;Новомосковское шоссе, 60;tel:+79207827206;WhatsApp
Emex, интернет-магазин;Федеральная сеть по продаже автозапчастей. Вовремя и по оптовым ценам — реклама;Центральный район, Тула, 300045;Рязанская, 54;tel:+79066220602;emex.ru
OSZZ;85% всех автозапчастей для японских авто в наличии — реклама;Центральный район, Тула, 300045;Кауля, 10;tel:+74872522513;oszz.ru
Автопрофи, центр технического обслуживания;Автозапчасти для иномарок. В наличии и под заказ. Гарантия, возврат — реклама;Красный перекоп, Центральный район, Тула, 300012;Кауля, 45 к1;tel:+79605989808;автопрофи.рус
A & Z;Защита кузова от разрушения. Работаем без выходных — реклама;Привокзальный район, Тула, 300026;Калужское шоссе, 20;tel:+79997841717;ВКонтакте
Волга, магазин автотоваров;Масла и автохимия: большой выбор по суперценам — реклама;Мясново пос., Привокзальный район, Тула, 300005;Павшинский мост, 3а;tel:+74872214031;
Приват;1000 запчастей для Рено и Ларгуса уже на складе! Приезжай и забирай — реклама;Центральный район, Тула, 300026;проспект Ленина, 105;tel:+74872657317;
Тяжеловоз 2001;Детали для грузовых авто. Двигатель, подвеска, тормоза, кузов. Заказ — реклама;Мясново пос., Привокзальный район, Тула, 300005;Павшинский мост, 2;tel:+74872384585;
Автомобильный супермаркет;Масла, технические жидкости, автохимия, автоэмали, грунты — реклама;Куруловка, Зареченский район, Тула, 300022;Октябрьская, 296а;tel:+74872750391;
АвтоГАЗ;Газель, УАЗ, Волга, Газон, Валдай, Cummins. Новые и б/у запчасти — реклама;Центральный район, Тула, 300045;Новомосковское шоссе, 19;tel:+79109438191;
АвтоМаг;Сезонные летние скидки на покраску и кузовной ремонт! — реклама;Центральный район, Тула, 300045;проезд Некрасова, 6;tel:+79038434600;WhatsApp
Транзит;Мелкий и капремонт, автомойка, шиномонтаж. Внимание каждому элементу! — реклама;Киреевский район, Тульская область;трасса М-4 225 км, 1 ст2;tel:+79509065324;
Запчасти у Насти;Новые и б/у запчасти для авто и грузовиков;Центральный район, Тула, 300045;Новомосковское шоссе, 60;tel:+79207827206;WhatsApp
""
OSZZ;85% всех автозапчастей для японских авто в наличии — реклама;Центральный район, Тула, 300045;Кауля, 10;tel:+74872522513;oszz.ru
""
A & Z;Защита кузова от разрушения. Работаем без выходных — реклама;Привокзальный район, Тула, 300026;Калужское шоссе, 20;tel:+79997841717;ВКонтакте
Волга, магазин автотоваров;Масла и автохимия: большой выбор по суперценам — реклама;Мясново пос., Привокзальный район, Тула, 300005;Павшинский мост, 3а;tel:+74872214031;
Приват;1000 запчастей для Рено и Ларгуса уже на складе! Приезжай и забирай — реклама;Центральный район, Тула, 300026;проспект Ленина, 105;tel:+74872657317;
Тяжеловоз 2001;Детали для грузовых авто. Двигатель, подвеска, тормоза, кузов. Заказ — реклама;Мясново пос., Привокзальный район, Тула, 300005;Павшинский мост, 2;tel:+74872384585;
Автомобильный супермаркет;Масла, технические жидкости, автохимия, автоэмали, грунты — реклама;Куруловка, Зареченский район, Тула, 300022;Октябрьская, 296а;tel:+74872750391;
АвтоГАЗ;Газель, УАЗ, Волга, Газон, Валдай, Cummins. Новые и б/у запчасти — реклама;Центральный район, Тула, 300045;Новомосковское шоссе, 19;tel:+79109438191;
""
Транзит;Мелкий и капремонт, автомойка, шиномонтаж. Внимание каждому элементу! — реклама;Киреевский район, Тульская область;трасса М-4 225 км, 1 ст2;tel:+79509065324;
Запчасти у Насти;Новые и б/у запчасти для авто и грузовиков;Центральный район, Тула, 300045;Новомосковское шоссе, 60;tel:+79207827206;WhatsApp
Emex, интернет-магазин;Федеральная сеть по продаже автозапчастей. Вовремя и по оптовым ценам — реклама;Центральный район, Тула, 300045;Рязанская, 54;tel:+79066220602;emex.ru
OSZZ;85% всех автозапчастей для японских авто в наличии — реклама;Центральный район, Тула, 300045;Кауля, 10;tel:+74872522513;oszz.ru
Автопрофи, центр технического обслуживания;Автозапчасти для иномарок. В наличии и под заказ. Гарантия, возврат — реклама;Красный перекоп, Центральный район, Тула, 300012;Кауля, 45 к1;tel:+79605989808;автопрофи.рус
A & Z;Защита кузова от разрушения. Работаем без выходных — реклама;Привокзальный район, Тула, 300026;Калужское шоссе, 20;tel:+79997841717;ВКонтакте
Волга, магазин автотоваров;Масла и автохимия: большой выбор по суперценам — реклама;Мясново пос., Привокзальный район, Тула, 300005;Павшинский мост, 3а;tel:+74872214031;
Приват;1000 запчастей для Рено и Ларгуса уже на складе! Приезжай и забирай — реклама;Центральный район, Тула, 300026;проспект Ленина, 105;tel:+74872657317;
Тяжеловоз 2001;Детали для грузовых авто. Двигатель, подвеска, тормоза, кузов. Заказ — реклама;Мясново пос., Привокзальный район, Тула, 300005;Павшинский мост, 2;tel:+74872384585;
Автомобильный супермаркет;Масла, технические жидкости, автохимия, автоэмали, грунты — реклама;Куруловка, Зареченский район, Тула, 300022;Октябрьская, 296а;tel:+74872750391;
АвтоГАЗ;Газель, УАЗ, Волга, Газон, Валдай, Cummins. Новые и б/у запчасти — реклама;Центральный район, Тула, 300045;Новомосковское шоссе, 19;tel:+79109438191;
АвтоМаг;Сезонные летние скидки на покраску и кузовной ремонт! — реклама;Центральный район, Тула, 300045;проезд Некрасова, 6;tel:+79038434600;WhatsApp
Транзит;Мелкий и капремонт, автомойка, шиномонтаж. Внимание каждому элементу! — реклама;Киреевский район, Тульская область;трасса М-4 225 км, 1 ст2;tel:+79509065324;
Запчасти у Насти;Новые и б/у запчасти для авто и грузовиков;Центральный район, Тула, 300045;Новомосковское шоссе, 60;tel:+79207827206;WhatsApp
Emex, интернет-магазин;Федеральная сеть по продаже автозапчастей. Вовремя и по оптовым ценам — реклама;Центральный район, Тула, 300045;Рязанская, 54;tel:+79066220602;emex.ru
OSZZ;85% всех автозапчастей для японских авто в наличии — реклама;Центральный район, Тула, 300045;Кауля, 10;tel:+74872522513;oszz.ru
Автопрофи, центр технического обслуживания;Автозапчасти для иномарок. В наличии и под заказ. Гарантия, возврат — реклама;Красный перекоп, Центральный район, Тула, 300012;Кауля, 45 к1;tel:+79605989808;автопрофи.рус
A & Z;Защита кузова от разрушения. Работаем без выходных — реклама;Привокзальный район, Тула, 300026;Калужское шоссе, 20;tel:+79997841717;ВКонтакте
Волга, магазин автотоваров;Масла и автохимия: большой выбор по суперценам — реклама;Мясново пос., Привокзальный район, Тула, 300005;Павшинский мост, 3а;tel:+74872214031;
Приват;1000 запчастей для Рено и Ларгуса уже на складе! Приезжай и забирай — реклама;Центральный район, Тула, 300026;проспект Ленина, 105;tel:+74872657317;
Тяжеловоз 2001;Детали для грузовых авто. Двигатель, подвеска, тормоза, кузов. Заказ — реклама;Мясново пос., Привокзальный район, Тула, 300005;Павшинский мост, 2;tel:+74872384585;
Автомобильный супермаркет;Масла, технические жидкости, автохимия, автоэмали, грунты — реклама;Куруловка, Зареченский район, Тула, 300022;Октябрьская, 296а;tel:+74872750391;
АвтоГАЗ;Газель, УАЗ, Волга, Газон, Валдай, Cummins. Новые и б/у запчасти — реклама;Центральный район, Тула, 300045;Новомосковское шоссе, 19;tel:+79109438191;
АвтоМаг;Сезонные летние скидки на покраску и кузовной ремонт! — реклама;Центральный район, Тула, 300045;проезд Некрасова, 6;tel:+79038434600;WhatsApp
Транзит;Мелкий и капремонт, автомойка, шиномонтаж. Внимание каждому элементу! — реклама;Киреевский район, Тульская область;трасса М-4 225 км, 1 ст2;tel:+79509065324;
Запчасти у Насти;Новые и б/у запчасти для авто и грузовиков;Центральный район, Тула, 300045;Новомосковское шоссе, 60;tel:+79207827206;WhatsApp
Emex, интернет-магазин;Федеральная сеть по продаже автозапчастей. Вовремя и по оптовым ценам — реклама;Центральный район, Тула, 300045;Рязанская, 54;tel:+79066220602;emex.ru
OSZZ;85% всех автозапчастей для японских авто в наличии — реклама;Центральный район, Тула, 300045;Кауля, 10;tel:+74872522513;oszz.ru
Автопрофи, центр технического обслуживания;Автозапчасти для иномарок. В наличии и под заказ. Гарантия, возврат — реклама;Красный перекоп, Центральный район, Тула, 300012;Кауля, 45 к1;tel:+79605989808;автопрофи.рус
A & Z;Защита кузова от разрушения. Работаем без выходных — реклама;Привокзальный район, Тула, 300026;Калужское шоссе, 20;tel:+79997841717;ВКонтакте
Волга, магазин автотоваров;Масла и автохимия: большой выбор по суперценам — реклама;Мясново пос., Привокзальный район, Тула, 300005;Павшинский мост, 3а;tel:+74872214031;
Приват;1000 запчастей для Рено и Ларгуса уже на складе! Приезжай и забирай — реклама;Центральный район, Тула, 300026;проспект Ленина, 105;tel:+74872657317;
""
Автомобильный супермаркет;Масла, технические жидкости, автохимия, автоэмали, грунты — реклама;Куруловка, Зареченский район, Тула, 300022;Октябрьская, 296а;tel:+74872750391;
АвтоГАЗ;Газель, УАЗ, Волга, Газон, Валдай, Cummins. Новые и б/у запчасти — реклама;Центральный район, Тула, 300045;Новомосковское шоссе, 19;tel:+79109438191;
АвтоМаг;Сезонные летние скидки на покраску и кузовной ремонт! — реклама;Центральный район, Тула, 300045;проезд Некрасова, 6;tel:+79038434600;WhatsApp
Транзит;Мелкий и капремонт, автомойка, шиномонтаж. Внимание каждому элементу! — реклама;Киреевский район, Тульская область;трасса М-4 225 км, 1 ст2;tel:+79509065324;
Запчасти у Насти;Новые и б/у запчасти для авто и грузовиков;Центральный район, Тула, 300045;Новомосковское шоссе, 60;tel:+79207827206;WhatsApp
Emex, интернет-магазин;Федеральная сеть по продаже автозапчастей. Вовремя и по оптовым ценам — реклама;Центральный район, Тула, 300045;Рязанская, 54;tel:+79066220602;emex.ru
OSZZ;85% всех автозапчастей для японских авто в наличии — реклама;Центральный район, Тула, 300045;Кауля, 10;tel:+74872522513;oszz.ru
Автопрофи, центр технического обслуживания;Автозапчасти для иномарок. В наличии и под заказ. Гарантия, возврат — реклама;Красный перекоп, Центральный район, Тула, 300012;Кауля, 45 к1;tel:+79605989808;автопрофи.рус
A & Z;Защита кузова от разрушения. Работаем без выходных — реклама;Привокзальный район, Тула, 300026;Калужское шоссе, 20;tel:+79997841717;ВКонтакте
""
Приват;1000 запчастей для Рено и Ларгуса уже на складе! Приезжай и забирай — реклама;Центральный район, Тула, 300026;проспект Ленина, 105;tel:+74872657317;
Тяжеловоз 2001;Детали для грузовых авто. Двигатель, подвеска, тормоза, кузов. Заказ — реклама;Мясново пос., Привокзальный район, Тула, 300005;Павшинский мост, 2;tel:+74872384585;
Автомобильный супермаркет;Масла, технические жидкости, автохимия, автоэмали, грунты — реклама;Куруловка, Зареченский район, Тула, 300022;Октябрьская, 296а;tel:+74872750391;
АвтоГАЗ;Газель, УАЗ, Волга, Газон, Валдай, Cummins. Новые и б/у запчасти — реклама;Центральный район, Тула, 300045;Новомосковское шоссе, 19;tel:+79109438191;
АвтоМаг;Сезонные летние скидки на покраску и кузовной ремонт! — реклама;Центральный район, Тула, 300045;проезд Некрасова, 6;tel:+79038434600;WhatsApp
Транзит;Мелкий и капремонт, автомойка, шиномонтаж. Внимание каждому элементу! — реклама;Киреевский район, Тульская область;трасса М-4 225 км, 1 ст2;tel:+79509065324;
Запчасти у Насти;Новые и б/у запчасти для авто и грузовиков;Центральный район, Тула, 300045;Новомосковское шоссе, 60;tel:+79207827206;WhatsApp
""
OSZZ;85% всех автозапчастей для японских авто в наличии — реклама;Центральный район, Тула, 300045;Кауля, 10;tel:+74872522513;oszz.ru
Автопрофи, центр технического обслуживания;Автозапчасти для иномарок. В наличии и под заказ. Гарантия, возврат — реклама;Красный перекоп, Центральный район, Тула, 300012;Кауля, 45 к1;tel:+79605989808;автопрофи.рус
A & Z;Защита кузова от разрушения. Работаем без выходных — реклама;Привокзальный район, Тула, 300026;Калужское шоссе, 20;tel:+79997841717;ВКонтакте
Волга, магазин автотоваров;Масла и автохимия: большой выбор по суперценам — реклама;Мясново пос., Привокзальный район, Тула, 300005;Павшинский мост, 3а;tel:+74872214031;
Приват;1000 запчастей для Рено и Ларгуса уже на складе! Приезжай и забирай — реклама;Центральный район, Тула, 300026;проспект Ленина, 105;tel:+74872657317;
Тяжеловоз 2001;Детали для грузовых авто. Двигатель, подвеска, тормоза, кузов. Заказ — реклама;Мясново пос., Привокзальный район, Тула, 300005;Павшинский мост, 2;tel:+74872384585;
Автомобильный супермаркет;Масла, технические жидкости, автохимия, автоэмали, грунты — реклама;Куруловка, Зареченский район, Тула, 300022;Октябрьская, 296а;tel:+74872750391;
АвтоГАЗ;Газель, УАЗ, Волга, Газон, Валдай, Cummins. Новые и б/у запчасти — реклама;Центральный район, Тула, 300045;Новомосковское шоссе, 19;tel:+79109438191;
АвтоМаг;Сезонные летние скидки на покраску и кузовной ремонт! — реклама;Центральный район, Тула, 300045;проезд Некрасова, 6;tel:+79038434600;WhatsApp
Транзит;Мелкий и капремонт, автомойка, шиномонтаж. Внимание каждому элементу! — реклама;Киреевский район, Тульская область;трасса М-4 225 км, 1 ст2;tel:+79509065324;
Запчасти у Насти;Новые и б/у запчасти для авто и грузовиков;Центральный район, Тула, 300045;Новомосковское шоссе, 60;tel:+79207827206;WhatsApp
Emex, интернет-магазин;Федеральная сеть по продаже автозапчастей. Вовремя и по оптовым ценам — реклама;Центральный район, Тула, 300045;Рязанская, 54;tel:+79066220602;emex.ru
OSZZ;85% всех автозапчастей для японских авто в наличии — реклама;Центральный район, Тула, 300045;Кауля, 10;tel:+74872522513;oszz.ru
Автопрофи, центр технического обслуживания;Автозапчасти для иномарок. В наличии и под заказ. Гарантия, возврат — реклама;Красный перекоп, Центральный район, Тула, 300012;Кауля, 45 к1;tel:+79605989808;автопрофи.рус
A & Z;Защита кузова от разрушения. Работаем без выходных — реклама;Привокзальный район, Тула, 300026;Калужское шоссе, 20;tel:+79997841717;ВКонтакте
Волга, магазин автотоваров;Масла и автохимия: большой выбор по суперценам — реклама;Мясново пос., Привокзальный район, Тула, 300005;Павшинский мост, 3а;tel:+74872214031;
""
Тяжеловоз 2001;Детали для грузовых авто. Двигатель, подвеска, тормоза, кузов. Заказ — реклама;Мясново пос., Привокзальный район, Тула, 300005;Павшинский мост, 2;tel:+74872384585;
Автомобильный супермаркет;Масла, технические жидкости, автохимия, автоэмали, грунты — реклама;Куруловка, Зареченский район, Тула, 300022;Октябрьская, 296а;tel:+74872750391;
АвтоГАЗ;Газель, УАЗ, Волга, Газон, Валдай, Cummins. Новые и б/у запчасти — реклама;Центральный район, Тула, 300045;Новомосковское шоссе, 19;tel:+79109438191;
АвтоМаг;Сезонные летние скидки на покраску и кузовной ремонт! — реклама;Центральный район, Тула, 300045;проезд Некрасова, 6;tel:+79038434600;WhatsApp
Транзит;Мелкий и капремонт, автомойка, шиномонтаж. Внимание каждому элементу! — реклама;Киреевский район, Тульская область;трасса М-4 225 км, 1 ст2;tel:+79509065324;
Запчасти у Насти;Новые и б/у запчасти для авто и грузовиков;Центральный район, Тула, 300045;Новомосковское шоссе, 60;tel:+79207827206;WhatsApp
Emex, интернет-магазин;Федеральная сеть по продаже автозапчастей. Вовремя и по оптовым ценам — реклама;Центральный район, Тула, 300045;Рязанская, 54;tel:+79066220602;emex.ru
OSZZ;85% всех автозапчастей для японских авто в наличии — реклама;Центральный район, Тула, 300045;Кауля, 10;tel:+74872522513;oszz.ru
Автопрофи, центр технического обслуживания;Автозапчасти для иномарок. В наличии и под заказ. Гарантия, возврат — реклама;Красный перекоп, Центральный район, Тула, 300012;Кауля, 45 к1;tel:+79605989808;автопрофи.рус
A & Z;Защита кузова от разрушения. Работаем без выходных — реклама;Привокзальный район, Тула, 300026;Калужское шоссе, 20;tel:+79997841717;ВКонтакте
Волга, магазин автотоваров;Масла и автохимия: большой выбор по суперценам — реклама;Мясново пос., Привокзальный район, Тула, 300005;Павшинский мост, 3а;tel:+74872214031;
Приват;1000 запчастей для Рено и Ларгуса уже на складе! Приезжай и забирай — реклама;Центральный район, Тула, 300026;проспект Ленина, 105;tel:+74872657317;
Тяжеловоз 2001;Детали для грузовых авто. Двигатель, подвеска, тормоза, кузов. Заказ — реклама;Мясново пос., Привокзальный район, Тула, 300005;Павшинский мост, 2;tel:+74872384585;
Автомобильный супермаркет;Масла, технические жидкости, автохимия, автоэмали, грунты — реклама;Куруловка, Зареченский район, Тула, 300022;Октябрьская, 296а;tel:+74872750391;
АвтоГАЗ;Газель, УАЗ, Волга, Газон, Валдай, Cummins. Новые и б/у запчасти — реклама;Центральный район, Тула, 300045;Новомосковское шоссе, 19;tel:+79109438191;
АвтоМаг;Сезонные летние скидки на покраску и кузовной ремонт! — реклама;Центральный район, Тула, 300045;проезд Некрасова, 6;tel:+79038434600;WhatsApp
Транзит;Мелкий и капремонт, автомойка, шиномонтаж. Внимание каждому элементу! — реклама;Киреевский район, Тульская область;трасса М-4 225 км, 1 ст2;tel:+79509065324;
Запчасти у Насти;Новые и б/у запчасти для авто и грузовиков;Центральный район, Тула, 300045;Новомосковское шоссе, 60;tel:+79207827206;WhatsApp
Emex, интернет-магазин;Федеральная сеть по продаже автозапчастей. Вовремя и по оптовым ценам — реклама;Центральный район, Тула, 300045;Рязанская, 54;tel:+79066220602;emex.ru
OSZZ;85% всех автозапчастей для японских авто в наличии — реклама;Центральный район, Тула, 300045;Кауля, 10;tel:+74872522513;oszz.ru
Автопрофи, центр технического обслуживания;Автозапчасти для иномарок. В наличии и под заказ. Гарантия, возврат — реклама;Красный перекоп, Центральный район, Тула, 300012;Кауля, 45 к1;tel:+79605989808;автопрофи.рус
A & Z;Защита кузова от разрушения. Работаем без выходных — реклама;Привокзальный район, Тула, 300026;Калужское шоссе, 20;tel:+79997841717;ВКонтакте
Волга, магазин автотоваров;Масла и автохимия: большой выбор по суперценам — реклама;Мясново пос., Привокзальный район, Тула, 300005;Павшинский мост, 3а;tel:+74872214031;
Приват;1000 запчастей для Рено и Ларгуса уже на складе! Приезжай и забирай — реклама;Центральный район, Тула, 300026;проспект Ленина, 105;tel:+74872657317;
Тяжеловоз 2001;Детали для грузовых авто. Двигатель, подвеска, тормоза, кузов. Заказ — реклама;Мясново пос., Привокзальный район, Тула, 300005;Павшинский мост, 2;tel:+74872384585;
Автомобильный супермаркет;Масла, технические жидкости, автохимия, автоэмали, грунты — реклама;Куруловка, Зареченский район, Тула, 300022;Октябрьская, 296а;tel:+74872750391;
АвтоГАЗ;Газель, УАЗ, Волга, Газон, Валдай, Cummins. Новые и б/у запчасти — реклама;Центральный район, Тула, 300045;Новомосковское шоссе, 19;tel:+79109438191;
АвтоМаг;Сезонные летние скидки на покраску и кузовной ремонт! — реклама;Центральный район, Тула, 300045;проезд Некрасова, 6;tel:+79038434600;WhatsApp
Транзит;Мелкий и капремонт, автомойка, шиномонтаж. Внимание каждому элементу! — реклама;Киреевский район, Тульская область;трасса М-4 225 км, 1 ст2;tel:+79509065324;
